sku;name;short_description;description;category_id;category;subcategory_id;subcategory;tags;brand;manufacturer;country_of_origin;price_net;price_gross;vat_rate;currency;voltage_v;current_a;power_w;ip_rating;mounting;modules_din;color;material;operating_temp_min_c;operating_temp_max_c;certificates
EM-012-10371;Timeguard NightEye NE-71 Photocell Switch 2 lux;Dusk-to-dawn photocell switch, 2 lux, 6 A, DIN rail with remote sensing head.;Automatic photocell switch that turns exterior lighting on at dusk. Sensitivity adjustable from 2 to 100 lux. 230 V supply, 6 A rating. Remote sensing head rated IP65. DIN-rail control unit fits inside the consumer unit.;1;Home Automation;12;Photocell sensors;photocell,dusk,exterior lighting,DIN;Timeguard;Timeguard Ltd;GB;14.90;17.88;20;GBP;230;6;;IP65;DIN rail;1;grey;polycarbonate;-25;50;CE,UKCA,RoHS,EMC
EM-012-10335;Schneider Argus AR-35 Photocell Switch 100 lux;Surface-mount photocell switch, 100 lux, 6 A, IP65.;Automatic photocell switch for exterior lighting. Adjustable threshold 2-100 lux, 230 V, 6 A. IP65 enclosure for direct outdoor surface mounting without a back box.;1;Home Automation;12;Photocell sensors;photocell,dusk,exterior lighting,surface;Schneider Electric;Schneider Electric Ltd;FR;26.50;31.80;20;GBP;230;6;;IP65;surface;;white;ABS;-25;50;CE,UKCA,RoHS
EM-012-10277;ABB Twilo TW-77 Photocell Switch 10 lux 16A;DIN-rail photocell switch, 10 lux, 16 A, IP44.;Automatic photocell switch for large exterior lighting circuits. Threshold 2-10 lux, 230 V, 16 A. IP44 DIN-rail module for distribution boards, suited to car parks and large yards.;1;Home Automation;12;Photocell sensors;photocell,dusk,16A,DIN;ABB;ABB Ltd;CH;27.20;32.64;20;GBP;230;16;;IP44;DIN rail;1;grey;polycarbonate;-20;50;CE,UKCA,RoHS,EMC
EM-013-10623;ESP Aperta AP-23 Acoustic Switch 80 dB;Flush acoustic switch, 80 dB, up to 300 s delay.;Sound-activated switch that turns lighting on when noise is detected. Sensitivity from 80 dB, off-delay up to 300 s. 230 V, 6 A. Ideal for stairwells and cellars.;1;Home Automation;13;Acoustic switches;acoustic,sound,stairwell;ESP;Elite Security Products;GB;13.20;15.84;20;GBP;230;6;;IP20;flush;1;white;polycarbonate;-10;40;CE,UKCA,RoHS
EM-013-10750;ABB Sono SN-50 Acoustic Switch 10A;Flush acoustic switch, 10 A, up to 30 s delay.;Sound-activated switch, sensitivity 80 dB, off-delay up to 30 s. 230 V, 10 A. Short corridors and plant rooms.;1;Home Automation;13;Acoustic switches;acoustic,sound,10A;ABB;ABB Ltd;CH;15.60;18.72;20;GBP;230;10;;IP20;flush;;white;polycarbonate;-10;40;CE,UKCA,RoHS
EM-013-10695;Legrand Lexic LX-95 Acoustic Switch DIN;DIN acoustic switch, 6 A, up to 60 s delay.;Sound-activated switch for central distribution boards. 230 V, 6 A, off-delay up to 60 s. DIN-rail mounting.;1;Home Automation;13;Acoustic switches;acoustic,sound,DIN;Legrand;Legrand SA;FR;16.80;20.16;20;GBP;230;6;;IP20;DIN rail;1;grey;polycarbonate;-10;40;CE,UKCA,RoHS,EMC
EM-014-10797;Heatmiser Neo HM-97 Underfloor Thermostat 24V;Underfloor thermostat, 24 V AC/DC, DIN, LCD.;Programmable underfloor heating thermostat. 24 V AC/DC supply, DIN-rail mounting, LCD display. For standard 24 V control circuits.;1;Home Automation;14;Thermostats;thermostat,underfloor,24V,heating;Heatmiser;Heatmiser UK Ltd;GB;24.80;29.76;20;GBP;24;;;;DIN rail;1;white;ABS;0;50;CE,UKCA,RoHS
EM-014-10842;Finder 7T FN-42 Underfloor Thermostat 24V EMC;Underfloor thermostat, 24 V AC/DC, DIN, EMC certified.;Programmable underfloor thermostat with EMC certification for industrial and healthcare projects. 24 V AC/DC, DIN rail.;1;Home Automation;14;Thermostats;thermostat,underfloor,24V,EMC;Finder;Finder S.p.A.;IT;33.10;39.72;20;GBP;24;;;;DIN rail;1;grey;polycarbonate;0;50;CE,UKCA,RoHS,EMC
EM-014-10840;Schneider Thermo TH-40 Room Thermostat 230V;Room thermostat, 230 V AC, surface mount, LCD.;Mains-powered room thermostat, 230 V AC direct - no 24 V transformer required. Surface mount, LCD. For hotels and apartments with visible enclosures.;1;Home Automation;14;Thermostats;thermostat,room,230V,heating;Schneider Electric;Schneider Electric Ltd;FR;38.30;45.96;20;GBP;230;;;;surface;;white;ABS;0;50;CE,UKCA
EM-014-10856;Heatmiser Touch HM-56 Underfloor Thermostat OLED 24V;Underfloor thermostat, 24 V AC/DC, OLED touch.;Premium underfloor thermostat with OLED touch display. 24 V AC/DC, surface mount. Requires 24 V transformer on a 230 V supply.;1;Home Automation;14;Thermostats;thermostat,underfloor,24V,OLED;Heatmiser;Heatmiser UK Ltd;GB;29.90;35.88;20;GBP;24;;;;surface;;black;glass;0;50;CE,UKCA,RoHS
EM-015-11134;ESP AquaGuard AQ-34 Wi-Fi Leak Detector;Wi-Fi water leak detector, IP65, phone push alerts.;Wi-Fi water leak detector sending push notifications to a phone app. IP65. For apartments and offices with remote monitoring.;1;Home Automation;15;Leak detectors;leak,water,Wi-Fi;ESP;Elite Security Products;GB;11.90;14.28;20;GBP;;;;IP65;surface;;white;ABS;0;50;CE,UKCA,RoHS
EM-015-11212;ABB AquaStop AS-12 Leak Detector Audible IP67;Water leak detector, audible alarm, IP67.;Water leak detector with on-site audible alarm. IP67 (temporary immersion). For plant rooms and server rooms where Wi-Fi is unreliable.;1;Home Automation;15;Leak detectors;leak,water,audible,IP67;ABB;ABB Ltd;CH;23.50;28.20;20;GBP;;;;IP67;surface;;grey;polycarbonate;0;60;CE,UKCA,RoHS
EM-021-12232;Legrand Céliane LG-32 Astronomical Time Switch 2-ch;DIN astronomical time switch, 2 channels.;Two-channel astronomical time switch that tracks sunrise/sunset by location. DIN rail, 230 V. For street and estate lighting.;2;Time Switches;21;Astronomical;astronomical,time switch,2-channel;Legrand;Legrand SA;FR;86.40;103.68;20;GBP;230;16;;IP20;DIN rail;2;grey;polycarbonate;-20;55;CE,UKCA,RoHS
EM-022-11527;BG Electrical Sync BG-27 Plug-in Timer Daily;Plug-in timer, 16 programs, daily, IP44.;Plug-in socket timer, 16 programs, daily mode, IP44. For temporary installations and domestic appliances.;2;Time Switches;22;Plug-in timers;timer,plug-in,daily;BG Electrical;British General;GB;6.50;7.80;20;GBP;230;16;;IP44;plug-in;;white;ABS;-10;40;CE,UKCA,RoHS
EM-022-11696;Hager EHZ EZ-96 Plug-in Timer Weekly;Plug-in timer, 20 programs, weekly, EMC.;Plug-in socket timer, 20 programs, weekly mode. EMC certified. IP20.;2;Time Switches;22;Plug-in timers;timer,plug-in,weekly,EMC;Hager;Hager Group;DE;12.40;14.88;20;GBP;230;16;;IP20;plug-in;;white;ABS;-10;40;CE,UKCA,RoHS,EMC
EM-023-11928;Timeguard TimePro TP-28 Surface Time Switch Weekly;Surface time switch, 4 ops/week, IP44, EMC.;Surface-mount weekly time switch, IP44, EMC certified, rated to -20 C. For garages, agriculture and sheltered outdoor use.;2;Time Switches;23;Surface time switches;timer,surface,weekly,IP44;Timeguard;Timeguard Ltd;GB;20.80;24.96;20;GBP;230;16;;IP44;surface;;grey;polycarbonate;-20;50;CE,UKCA,RoHS,EMC
EM-023-11752;Finder 12 Series FN-52 Surface Time Switch IP54;Surface time switch, 4 ops/week, IP54, 10 A.;Surface-mount weekly time switch, IP54 splash protection, 10 A. For commercial kitchens and terraces.;2;Time Switches;23;Surface time switches;timer,surface,IP54;Finder;Finder S.p.A.;IT;30.20;36.24;20;GBP;230;10;;IP54;surface;;grey;polycarbonate;-20;50;CE,UKCA,RoHS
EM-025-12372;ESP Multi ES-72 Multifunction Time Relay;DIN multifunction time relay.;Multifunction DIN-rail time relay with selectable timing modes. 230 V, 16 A.;2;Time Switches;25;Time relays;relay,time,multifunction,DIN;ESP;Elite Security Products;GB;17.90;21.48;20;GBP;230;16;;IP20;DIN rail;1;grey;polycarbonate;-10;50;CE,UKCA,RoHS
EM-042-12693;Hikvision Visionline VL-93 4MP IP Dome Camera;4 MP IP dome camera, PoE/12 V, IP67.;4 MP IP dome camera with motorised 2.8-12 mm lens. PoE or 12 V DC. IP67 for outdoor use.;3;Alarms & CCTV;42;IP cameras;camera,IP,dome,PoE,4MP;Hikvision;Hikvision UK;CN;96.00;115.20;20;GBP;12;;;IP67;surface;;white;metal;-30;60;CE,UKCA,RoHS
EM-042-12607;Dahua Pro DH-07 5MP IP Bullet Camera;5 MP IP bullet camera, 6 mm, PoE.;5 MP IP bullet camera, 6 mm fixed lens, PoE. IP67 outdoor.;3;Alarms & CCTV;42;IP cameras;camera,IP,bullet,5MP;Dahua;Dahua Technology UK;CN;102.00;122.40;20;GBP;12;;;IP67;surface;;white;metal;-30;60;CE,UKCA,RoHS
EM-043-13109;Texecom Premier TX-09 PIR Detector 10m;PIR motion detector, 10 m range.;Passive infrared motion detector, 10 m range, for intruder alarm systems. 12 V DC.;3;Alarms & CCTV;43;PIR detectors;PIR,motion,detector,alarm;Texecom;Texecom Ltd;GB;18.90;22.68;20;GBP;12;;;IP20;wall;;white;ABS;-10;50;CE,UKCA,RoHS
EM-044-13394;Pyronix Enforcer PY-94 Alarm Panel 128 zones;Wireless alarm control panel, 128 zones.;Hybrid intruder alarm control panel supporting up to 128 zones, app control. 230 V.;3;Alarms & CCTV;44;Alarm panels;alarm,panel,128 zones,intruder;Pyronix;Pyronix Ltd;GB;242.00;290.40;20;GBP;230;;;IP30;wall;;white;ABS;-10;40;CE,UKCA,RoHS
EM-045-13525;Dahua NVR DH-25 64-ch 12MP Recorder;64-channel NVR, up to 12 MP.;64-channel network video recorder supporting up to 12 MP cameras. 230 V.;3;Alarms & CCTV;45;NVR/DVR recorders;NVR,recorder,64-channel;Dahua;Dahua Technology UK;CN;164.00;196.80;20;GBP;230;;;IP20;rack;;black;metal;0;45;CE,UKCA,RoHS
EM-052-13942;Aiphone JO-42 One-Family Video Intercom Kit;One-family video intercom kit - panel, monitor, PSU.;Complete one-family video door entry kit: outdoor camera panel, indoor monitor and power supply. 7-inch screen, door release output.;4;Door Entry;52;One-family intercoms;intercom,video,door entry,kit;Aiphone;Aiphone Co.;JP;132.00;158.40;20;GBP;230;;;IP54;surface;;white;ABS;-10;50;CE,UKCA,RoHS
EM-053-14358;Urmet Ipervoice UR-58 Multi-Tenant Video Entry System;Modular multi-tenant video entry system.;Modular IP video door entry system for multiple apartments. Expandable outdoor panel and per-flat monitors.;4;Door Entry;53;Multi-tenant systems;intercom,video,multi-tenant,modular;Urmet;Urmet S.p.A.;IT;186.00;223.20;20;GBP;230;;;IP54;surface;;grey;metal;-10;50;CE,UKCA,RoHS
EM-062-15424;CAME Solo CM-24 PIN Keypad 50 users;Standalone PIN keypad, 50 users, IP54.;Standalone access keypad for gates and doors, up to 50 user codes. IP54, backlit keys. 12-24 V.;5;Gate Automation;62;Keypads;keypad,PIN,access,gate;CAME;CAME S.p.A.;IT;61.50;73.80;20;GBP;24;;;IP54;surface;;black;zinc alloy;-20;55;CE,UKCA,RoHS
EM-063-15985;Somfy Elixo SF-85 Swing Gate Motor 800kg;Swing gate motor, up to 800 kg leaf.;Electromechanical swing gate operator for leaves up to 800 kg. 230 V, includes control unit.;5;Gate Automation;63;Gate motors;gate,motor,swing,800kg;Somfy;Somfy SAS;FR;598.00;717.60;20;GBP;230;;;IP44;surface;;grey;aluminium;-20;55;CE,UKCA,RoHS
EM-071-17701;MEAN WELL DR-01 DIN PSU 5V/2A;DIN switching PSU, 5 V / 2 A.;DIN-rail switching power supply, 5 V DC output, 2 A. For control and low-voltage circuits.;6;Power Supplies;71;Switching PSU;PSU,switching,DIN,5V;MEAN WELL;MEAN WELL Europe;TW;10.20;12.24;20;GBP;230;2;10;IP20;DIN rail;1;silver;metal;-20;60;CE,UKCA,RoHS
EM-081-16320;Wago 221 WG-20 Lever Connector 8-way;Lever connector, 8-way, 0.2-4 mm2.;Compact lever-actuated splicing connector, 8 conductors, 0.2-4 mm2, up to 32 A. Transparent housing.;7;Connectors & Terminals;81;Lever/push-fit;connector,lever,Wago,splice;Wago;Wago GmbH;DE;1.15;1.38;20;GBP;;32;;IP20;in-line;;transparent;polycarbonate;-35;85;CE,UKCA,RoHS
EM-091-18991;Milwaukee M18 ML-91 Wall Chaser 1300W 125mm;Wall chaser, 1300 W, 125 mm.;Corded wall chaser, 1300 W, 125 mm discs, adjustable depth. For cable and conduit channels.;8;Power Tools;91;Wall chasers;wall chaser,chase,1300W;Milwaukee;Techtronic Industries;US;529.00;634.80;20;GBP;230;;1300;;handheld;;red;composite;;;CE,UKCA
EM-092-19236;Bosch GSB BO-36 Impact Drill 180Nm;Impact drill, 180 Nm.;Corded impact drill, 180 Nm torque, keyless chuck. For masonry and general electrical installation.;8;Power Tools;92;Drills/drivers;drill,impact,180Nm;Bosch;Robert Bosch Ltd;DE;159.00;190.80;20;GBP;230;;800;;handheld;;blue;composite;;;CE,UKCA
EM-015-11150;Knightsbridge AquaSense KB-50 Battery Leak Detector;Battery leak detector, audible alarm, IP54.;Standalone battery-powered water leak detector with 85 dB audible alarm. IP54, no wiring required. For under-sink and bathroom use.;1;Home Automation;15;Leak detectors;leak,water,battery,audible;Knightsbridge;Knightsbridge Global;GB;9.40;11.28;20;GBP;;;;IP54;surface;;white;ABS;0;50;CE,UKCA,RoHS
EM-021-12240;Theben SELEKTA TH-40 Astronomical Time Switch 1-ch;DIN astronomical time switch, 1 channel, GPS-free.;Single-channel astronomical time switch calculating sunrise and sunset from location coordinates. DIN rail, 230 V, 16 A.;2;Time Switches;21;Astronomical;astronomical,time switch,1-channel,DIN;Theben;Theben AG;DE;58.70;70.44;20;GBP;230;16;;IP20;DIN rail;1;grey;polycarbonate;-20;55;CE,UKCA,RoHS,EMC
EM-021-12258;Hager Astro EG-58 Astronomical Time Switch Bluetooth;DIN astronomical time switch, Bluetooth setup.;Astronomical time switch with Bluetooth app setup and holiday programs. DIN rail, 230 V, 16 A. For amenity and facade lighting.;2;Time Switches;21;Astronomical;astronomical,time switch,bluetooth,DIN;Hager;Hager Group;DE;72.30;86.76;20;GBP;230;16;;IP20;DIN rail;1;grey;polycarbonate;-20;55;CE,UKCA,RoHS,EMC
EM-022-11540;Timeguard TS-40 Plug-in Timer 24hr Mechanical;Plug-in mechanical timer, 24-hour, 96 segments.;Mechanical plug-in timer with 96 fifteen-minute segments over a 24-hour dial. 230 V, 16 A. Simple lamp and appliance switching.;2;Time Switches;22;Plug-in timers;timer,plug-in,mechanical,24hr;Timeguard;Timeguard Ltd;GB;4.80;5.76;20;GBP;230;16;;IP20;plug-in;;white;ABS;-10;40;CE,UKCA,RoHS
EM-022-11558;Legrand LG-58 Plug-in Digital Timer 7-day;Plug-in digital timer, 7-day, 16 programs.;Digital plug-in timer with 7-day programming and 16 on/off events. 230 V, 16 A, random anti-burglary mode.;2;Time Switches;22;Plug-in timers;timer,plug-in,digital,7-day;Legrand;Legrand SA;FR;14.20;17.04;20;GBP;230;16;;IP20;plug-in;;white;ABS;-10;40;CE,UKCA,RoHS,EMC
EM-023-11770;Theben theben.SUL TH-70 Surface Time Switch 24h;Surface time switch, 24-hour, IP20, DIN-compatible.;Surface-mount 24-hour analogue time switch with segment programming. 230 V, 16 A. For loft plant and immersion heaters.;2;Time Switches;23;Surface time switches;timer,surface,24h,analogue;Theben;Theben AG;DE;18.40;22.08;20;GBP;230;16;;IP20;surface;;white;polycarbonate;-10;45;CE,UKCA,RoHS
EM-025-12380;Finder 80.01 FN-80 Time Relay DIN Multifunction;DIN time relay, multifunction, 1 CO 16 A.;Multifunction DIN-rail timer relay, eight timing functions, one changeover contact rated 16 A. 12-240 V AC/DC.;2;Time Switches;25;Time relays;relay,time,multifunction,DIN;Finder;Finder S.p.A.;IT;24.60;29.52;20;GBP;24;16;;IP20;DIN rail;1;blue;polycarbonate;-10;55;CE,UKCA,RoHS,EMC
EM-025-12398;Schneider Zelio SC-98 Time Relay Star-Delta;DIN time relay, star-delta, adjustable.;Star-delta timing relay for motor starting, adjustable delay 3-60 s. DIN rail, 230 V AC.;2;Time Switches;25;Time relays;relay,time,star-delta,motor;Schneider Electric;Schneider Electric Ltd;FR;41.20;49.44;20;GBP;230;8;;IP20;DIN rail;1;grey;polycarbonate;-20;60;CE,UKCA,RoHS,EMC
EM-042-12615;Hikvision AcuSense HK-15 6MP IP Turret Camera;6 MP IP turret camera, ColorVu, PoE.;6 MP IP turret camera with ColorVu full-colour night vision and 2.8 mm lens. PoE. IP67 for outdoor use.;3;Alarms & CCTV;42;IP cameras;camera,IP,turret,ColorVu,6MP;Hikvision;Hikvision UK;CN;118.00;141.60;20;GBP;12;;;IP67;surface;;white;metal;-30;60;CE,UKCA,RoHS
EM-043-13120;Pyronix KX15DT PY-20 Dual-Tech Detector 15m;Dual-tech PIR + microwave detector, 15 m.;Dual-technology detector combining PIR and microwave to cut false alarms. 15 m range, 12 V DC. For pet-friendly installs.;3;Alarms & CCTV;43;PIR detectors;PIR,dual-tech,microwave,detector;Pyronix;Pyronix Ltd;GB;24.50;29.40;20;GBP;12;;;IP20;wall;;white;ABS;-10;50;CE,UKCA,RoHS
EM-043-13138;Texecom Capture TX-38 Wireless PIR Detector;Wireless PIR detector, 12 m, Ricochet mesh.;Battery wireless PIR detector using Ricochet mesh technology, 12 m range. For retrofit alarm systems without cabling.;3;Alarms & CCTV;43;PIR detectors;PIR,wireless,detector,Ricochet;Texecom;Texecom Ltd;GB;32.80;39.36;20;GBP;3;;;IP20;wall;;white;ABS;-10;50;CE,UKCA,RoHS
EM-044-13402;Texecom Premier Elite TX-02 Alarm Panel 24 zones;Wired alarm control panel, 24 zones, keypad.;Wired intruder alarm control panel expandable to 24 zones with LCD keypad. 230 V, grade 2 compliant.;3;Alarms & CCTV;44;Alarm panels;alarm,panel,24 zones,wired;Texecom;Texecom Ltd;GB;98.00;117.60;20;GBP;230;;;IP30;wall;;white;ABS;-10;40;CE,UKCA,RoHS
EM-044-13418;Ajax Hub 2 AJ-18 Wireless Alarm Panel;Wireless alarm hub, dual-SIM + Ethernet.;Wireless alarm control hub with photo verification, dual-SIM and Ethernet paths. App control. 12 V DC with backup battery.;3;Alarms & CCTV;44;Alarm panels;alarm,panel,wireless,Ajax;Ajax;Ajax Systems;GB;186.00;223.20;20;GBP;12;;;IP30;wall;;white;ABS;-10;40;CE,UKCA,RoHS
EM-045-13540;Hikvision HK-40 8-ch PoE NVR 4K;8-channel PoE NVR, 4K, 1 HDD bay.;8-channel network video recorder with built-in PoE switch, 4K decoding, single HDD bay. 230 V.;3;Alarms & CCTV;45;NVR/DVR recorders;NVR,recorder,8-channel,PoE;Hikvision;Hikvision UK;CN;132.00;158.40;20;GBP;230;;;IP20;surface;;black;metal;0;45;CE,UKCA,RoHS
EM-045-13556;Dahua DH-56 16-ch Penta-brid DVR 5MP;16-channel penta-brid DVR, 5 MP, HDCVI.;16-channel penta-brid DVR supporting HDCVI/AHD/TVI/CVBS/IP at 5 MP. 230 V, two HDD bays.;3;Alarms & CCTV;45;NVR/DVR recorders;DVR,recorder,16-channel,penta-brid;Dahua;Dahua Technology UK;CN;148.00;177.60;20;GBP;230;;;IP20;surface;;black;metal;0;45;CE,UKCA,RoHS
EM-045-13572;Hikvision HK-72 32-ch PoE NVR 4K;32-channel PoE NVR, 4K, 4 HDD bays.;32-channel network video recorder with 16 PoE ports, 4K, four HDD bays. Rack mountable. 230 V.;3;Alarms & CCTV;45;NVR/DVR recorders;NVR,recorder,32-channel,PoE;Hikvision;Hikvision UK;CN;286.00;343.20;20;GBP;230;;;IP20;rack;;black;metal;0;45;CE,UKCA,RoHS
EM-052-13958;Comelit Mini CT-58 One-Family Video Kit;One-family video kit, 4.3-inch monitor.;Complete one-family video door entry kit with 4.3-inch hands-free monitor and surface panel. Door release output, 230 V PSU.;4;Door Entry;52;One-family intercoms;intercom,video,door entry,kit;Comelit;Comelit Group;IT;112.00;134.40;20;GBP;230;;;IP54;surface;;white;ABS;-10;50;CE,UKCA,RoHS
EM-052-13966;CAME Bpt CM-66 One-Family Video Intercom Kit;One-family video kit, 7-inch touch monitor.;Video door entry kit for a single dwelling with 7-inch touch monitor and vandal-resistant panel. 230 V.;4;Door Entry;52;One-family intercoms;intercom,video,touch,kit;CAME;CAME S.p.A.;IT;148.00;177.60;20;GBP;230;;;IP54;surface;;black;aluminium;-15;55;CE,UKCA,RoHS
EM-053-14366;Comelit Ultra CT-66 Multi-Tenant Video Entry System;Modular multi-tenant video entry, IP.;Modular IP video door entry system for apartment blocks with name-scroll panel and per-flat monitors. Expandable.;4;Door Entry;53;Multi-tenant systems;intercom,video,multi-tenant,IP;Comelit;Comelit Group;IT;198.00;237.60;20;GBP;230;;;IP54;surface;;grey;aluminium;-15;55;CE,UKCA,RoHS
EM-053-14374;Aiphone GT AI-74 Multi-Tenant Audio/Video System;Multi-tenant door entry, up to 480 flats.;Modular audio/video door entry system scaling to 480 apartments with digital directory panel. 230 V.;4;Door Entry;53;Multi-tenant systems;intercom,video,multi-tenant,modular;Aiphone;Aiphone Co.;JP;242.00;290.40;20;GBP;230;;;IP54;surface;;silver;metal;-10;50;CE,UKCA,RoHS
EM-054-14580;Comelit Quadra CT-80 Video Door Station 1-button;Vandal-resistant video door station, 1 button.;Surface vandal-resistant video door station with single call button and colour camera. IK08, IP54. For panel replacement.;4;Door Entry;54;Video door stations;door station,video,1-button,vandal;Comelit;Comelit Group;IT;64.00;76.80;20;GBP;24;;;IP54;surface;;silver;aluminium;-15;55;CE,UKCA,RoHS
EM-054-14598;CAME MTM CM-98 Video Door Station 2-button;Flush video door station, 2 buttons.;Flush-mount video door station with two call buttons and wide-angle camera. Backlit nameplates. 24 V.;4;Door Entry;54;Video door stations;door station,video,2-button,flush;CAME;CAME S.p.A.;IT;78.00;93.60;20;GBP;24;;;IP54;flush;;black;aluminium;-15;55;CE,UKCA,RoHS
EM-054-14606;Aiphone IX AI-06 IP Video Door Station SIP;IP/SIP video door station, PoE.;IP video door station with SIP support and HD camera, PoE powered. IK08 vandal rating. For networked buildings.;4;Door Entry;54;Video door stations;door station,video,IP,SIP,PoE;Aiphone;Aiphone Co.;JP;168.00;201.60;20;GBP;12;;;IP65;surface;;silver;metal;-20;60;CE,UKCA,RoHS
EM-054-14614;Urmet Alpha UR-14 Video Door Station Modular;Modular video door station, camera module.;Modular video door station camera unit for building expandable panels. Colour camera, night LEDs. 24 V.;4;Door Entry;54;Video door stations;door station,video,modular,camera;Urmet;Urmet S.p.A.;IT;92.00;110.40;20;GBP;24;;;IP54;flush;;grey;aluminium;-15;55;CE,UKCA,RoHS
EM-062-15432;Nice ERA MyKey NC-32 Wireless Keypad;Wireless radio keypad, 433 MHz, IP54.;Battery wireless radio keypad transmitting to gate receivers on 433 MHz. IP54, backlit. For gate and barrier control.;5;Gate Automation;62;Keypads;keypad,wireless,radio,gate;Nice;Nice S.p.A.;IT;48.00;57.60;20;GBP;3;;;IP54;surface;;white;ABS;-20;55;CE,UKCA,RoHS
EM-062-15440;BFT Q.BO BF-40 PIN Keypad 255 codes;Wired PIN keypad, 255 codes, IP54.;Wired access keypad for gates, up to 255 user codes and two relay outputs. IP54, illuminated keys. 24 V.;5;Gate Automation;62;Keypads;keypad,PIN,wired,gate;BFT;BFT S.p.A.;IT;72.00;86.40;20;GBP;24;;;IP54;surface;;black;zinc alloy;-20;55;CE,UKCA,RoHS
EM-062-15458;CAME SELT CM-58 Proximity Keypad RFID;Proximity + PIN keypad, RFID, IP54.;Combined proximity card and PIN keypad for gates and doors. Holds up to 250 users. IP54, 12-24 V.;5;Gate Automation;62;Keypads;keypad,proximity,RFID,gate;CAME;CAME S.p.A.;IT;89.00;106.80;20;GBP;24;;;IP54;surface;;black;aluminium;-20;55;CE,UKCA,RoHS
EM-063-15992;CAME BXV CM-92 Sliding Gate Motor 800kg;Sliding gate motor, up to 800 kg.;Electromechanical sliding gate operator for gates up to 800 kg with integrated control board. 230 V.;5;Gate Automation;63;Gate motors;gate,motor,sliding,800kg;CAME;CAME S.p.A.;IT;438.00;525.60;20;GBP;230;;;IP44;surface;;grey;aluminium;-20;55;CE,UKCA,RoHS
EM-063-15908;Nice ROBUS NC-08 Sliding Gate Motor 600kg;Sliding gate motor, up to 600 kg, 24 V.;Low-voltage 24 V sliding gate operator for gates up to 600 kg, encoder controlled. Mains PSU included.;5;Gate Automation;63;Gate motors;gate,motor,sliding,600kg,24V;Nice;Nice S.p.A.;IT;372.00;446.40;20;GBP;24;;;IP44;surface;;grey;aluminium;-20;55;CE,UKCA,RoHS
EM-064-15616;Nice FLO2R-S NC-16 Remote 2-button 433MHz;2-button rolling-code remote, 433 MHz.;Two-channel rolling-code hand transmitter for Nice gate receivers, 433.92 MHz. Keyring format.;5;Gate Automation;64;Remotes;remote,rolling-code,433MHz,gate;Nice;Nice S.p.A.;IT;19.50;23.40;20;GBP;3;;;IP40;handheld;;black;ABS;-20;55;CE,UKCA,RoHS
EM-064-15624;CAME TOP432EE CM-24 Remote 2-button;2-button remote, 433 MHz, rolling code.;Two-button rolling-code remote for CAME gate and barrier receivers. 433.92 MHz.;5;Gate Automation;64;Remotes;remote,rolling-code,gate,CAME;CAME;CAME S.p.A.;IT;21.00;25.20;20;GBP;3;;;IP40;handheld;;black;ABS;-20;55;CE,UKCA,RoHS
EM-064-15632;BFT Mitto BF-32 Remote 4-button;4-button remote, 433 MHz, rolling code.;Four-channel rolling-code transmitter for BFT automations, 433.92 MHz. Controls multiple gates or lighting.;5;Gate Automation;64;Remotes;remote,4-button,rolling-code,BFT;BFT;BFT S.p.A.;IT;24.50;29.40;20;GBP;3;;;IP40;handheld;;black;ABS;-20;55;CE,UKCA,RoHS
EM-071-17710;MEAN WELL MDR-60 MW-10 DIN PSU 12V/5A;DIN switching PSU, 12 V / 5 A, 60 W.;DIN-rail switching power supply, 12 V DC, 5 A, 60 W. For CCTV, access control and LED circuits.;6;Power Supplies;71;Switching PSU;PSU,switching,DIN,12V,60W;MEAN WELL;MEAN WELL Europe;TW;28.40;34.08;20;GBP;230;5;60;IP20;DIN rail;2;silver;metal;-20;70;CE,UKCA,RoHS
EM-071-17728;MEAN WELL NDR-240 MW-28 DIN PSU 24V/10A;DIN switching PSU, 24 V / 10 A, 240 W.;DIN-rail switching power supply, 24 V DC, 10 A, 240 W with adjustable output. For automation and industrial control.;6;Power Supplies;71;Switching PSU;PSU,switching,DIN,24V,240W;MEAN WELL;MEAN WELL Europe;TW;62.80;75.36;20;GBP;230;10;240;IP20;DIN rail;4;silver;metal;-30;70;CE,UKCA,RoHS,EMC
EM-071-17736;Phoenix Contact QUINT PX-36 DIN PSU 24V/20A;DIN switching PSU, 24 V / 20 A, 480 W.;Premium DIN-rail power supply, 24 V DC, 20 A, 480 W with SFB technology and preventive diagnostics. For demanding automation.;6;Power Supplies;71;Switching PSU;PSU,switching,DIN,24V,480W;Phoenix Contact;Phoenix Contact GmbH;DE;198.00;237.60;20;GBP;230;20;480;IP20;DIN rail;6;silver;metal;-25;70;CE,UKCA,RoHS,EMC
EM-072-17820;MEAN WELL SD-25 MW-20 DC/DC Converter 24-12V;DIN DC/DC converter, 24 V to 12 V, 25 W.;DIN-rail DC/DC converter stepping 24 V down to 12 V, 25 W. For mixed-voltage CCTV and control systems.;6;Power Supplies;72;DC/DC converters;converter,DC-DC,24-12V,DIN;MEAN WELL;MEAN WELL Europe;TW;32.60;39.12;20;GBP;24;2;25;IP20;DIN rail;2;silver;metal;-40;71;CE,UKCA,RoHS
EM-072-17838;Phoenix Contact STEP PX-38 DC/DC Converter 12V;DIN DC/DC converter, 24 V to 12 V, 60 W.;Isolated DIN-rail DC/DC converter, 24 V input to 12 V output, 60 W. For decoupling sensitive loads.;6;Power Supplies;72;DC/DC converters;converter,DC-DC,isolated,DIN;Phoenix Contact;Phoenix Contact GmbH;DE;74.50;89.40;20;GBP;24;5;60;IP20;DIN rail;3;silver;metal;-25;70;CE,UKCA,RoHS,EMC
EM-072-17846;Weidmuller PRO WM-46 DC/DC Converter 48-24V;DIN DC/DC converter, 48 V to 24 V, 120 W.;DIN-rail DC/DC converter stepping 48 V down to 24 V, 120 W, isolated output. For telecom and PoE plant.;6;Power Supplies;72;DC/DC converters;converter,DC-DC,48-24V,DIN;Weidmüller;Weidmüller GmbH;DE;96.00;115.20;20;GBP;48;5;120;IP20;DIN rail;4;silver;metal;-25;70;CE,UKCA,RoHS,EMC
EM-073-17920;Sollatek AVS SL-20 Voltage Stabiliser 3kVA;Voltage stabiliser, 3 kVA, wall mount.;Automatic voltage stabiliser correcting mains fluctuations, 3 kVA. Wall mount, 230 V. Protects sensitive electronics.;6;Power Supplies;73;Voltage stabilisers;stabiliser,AVR,3kVA,voltage;Sollatek;Sollatek UK Ltd;GB;168.00;201.60;20;GBP;230;13;3000;IP20;wall;;grey;metal;0;45;CE,UKCA,RoHS
EM-073-17938;Eaton 9SX EN-38 Voltage Stabiliser 5kVA;Voltage stabiliser, 5 kVA, tower.;Automatic voltage regulator, 5 kVA tower unit with wide input window. 230 V. For server and lab supplies.;6;Power Supplies;73;Voltage stabilisers;stabiliser,AVR,5kVA,voltage;Eaton;Eaton Electric Ltd;US;342.00;410.40;20;GBP;230;22;5000;IP20;floor;;black;metal;0;40;CE,UKCA,RoHS,EMC
EM-073-17946;ABB CVS AB-46 Voltage Stabiliser 10kVA 3-phase;Voltage stabiliser, 10 kVA, three-phase.;Three-phase automatic voltage stabiliser, 10 kVA, floor standing. 230/400 V. For industrial machinery protection.;6;Power Supplies;73;Voltage stabilisers;stabiliser,AVR,10kVA,three-phase;ABB;ABB Ltd;CH;728.00;873.60;20;GBP;400;15;10000;IP21;floor;;grey;metal;0;40;CE,UKCA,RoHS,EMC
EM-074-17960;Hager Bell TR-60 Bell Transformer 8/12V DIN;DIN bell transformer, 8/12/24 V, 1 A.;DIN-rail bell transformer with selectable 8/12/24 V outputs, 1 A. For door bells and low-voltage signalling.;6;Power Supplies;74;Transformers;transformer,bell,DIN,8V;Hager;Hager Group;DE;19.80;23.76;20;GBP;230;1;24;IP20;DIN rail;2;grey;polycarbonate;-5;40;CE,UKCA,RoHS
EM-074-17978;ABB TS TR-78 Safety Isolating Transformer 100VA;Isolating transformer, 230/24 V, 100 VA.;Safety isolating transformer, 230 V primary to 24 V secondary, 100 VA. Encapsulated, DIN rail. For SELV control circuits.;6;Power Supplies;74;Transformers;transformer,isolating,SELV,100VA;ABB;ABB Ltd;CH;46.50;55.80;20;GBP;230;4;100;IP20;DIN rail;4;black;resin;-25;40;CE,UKCA,RoHS,EMC
EM-074-17986;Legrand TR-86 Toroidal Transformer 230/12V 300VA;Toroidal transformer, 230/12 V, 300 VA.;Low-loss toroidal transformer, 230 V to 12 V, 300 VA, for LED lighting and halogen circuits. Chassis mount.;6;Power Supplies;74;Transformers;transformer,toroidal,12V,300VA;Legrand;Legrand SA;FR;58.90;70.68;20;GBP;230;25;300;IP20;surface;;black;steel;-10;50;CE,UKCA,RoHS
EM-081-16338;Wago 221 WG-38 Lever Connector 2-way;Lever connector, 2-way, 0.2-4 mm2.;Compact lever splicing connector, 2 conductors, 0.2-4 mm2, up to 32 A. Transparent housing for inspection.;7;Connectors & Terminals;81;Lever/push-fit;connector,lever,Wago,2-way;Wago;Wago GmbH;DE;0.55;0.66;20;GBP;;32;;IP20;in-line;;transparent;polycarbonate;-35;85;CE,UKCA,RoHS
EM-081-16346;Wago 221 WG-46 Lever Connector 5-way;Lever connector, 5-way, 0.2-4 mm2.;Compact lever splicing connector, 5 conductors, 0.2-4 mm2, up to 32 A. Reusable, tool-free.;7;Connectors & Terminals;81;Lever/push-fit;connector,lever,Wago,5-way;Wago;Wago GmbH;DE;0.92;1.10;20;GBP;;32;;IP20;in-line;;transparent;polycarbonate;-35;85;CE,UKCA,RoHS
EM-081-16354;Wago 773 WG-54 Push-fit Connector 3-way;Push-fit connector, 3-way, solid conductors.;Push-in wire connector for solid conductors, 3-way, 0.75-2.5 mm2, up to 24 A. For fast lighting terminations.;7;Connectors & Terminals;81;Lever/push-fit;connector,push-fit,Wago,3-way;Wago;Wago GmbH;DE;0.38;0.46;20;GBP;;24;;IP20;in-line;;grey;polycarbonate;-35;85;CE,UKCA,RoHS
EM-082-16420;Weidmuller WDU WM-20 DIN Terminal Block 2.5mm2;DIN terminal block, 2.5 mm2, screw.;Feed-through DIN-rail terminal block, 2.5 mm2, screw clamp, 24 A. Grey. For control panel wiring.;7;Connectors & Terminals;82;Terminal blocks;terminal,DIN,2.5mm2,screw;Weidmüller;Weidmüller GmbH;DE;0.68;0.82;20;GBP;;24;;IP20;DIN rail;;grey;polyamide;-50;110;CE,UKCA,RoHS
EM-082-16438;Phoenix Contact UT PX-38 DIN Terminal Block Push-in;DIN terminal block, 4 mm2, push-in.;Push-in DIN-rail feed-through terminal, 4 mm2, 32 A. Tool-free wiring. For fast panel builds.;7;Connectors & Terminals;82;Terminal blocks;terminal,DIN,4mm2,push-in;Phoenix Contact;Phoenix Contact GmbH;DE;1.24;1.49;20;GBP;;32;;IP20;DIN rail;;grey;polyamide;-60;110;CE,UKCA,RoHS
EM-082-16446;Wago 2002 WG-46 DIN Terminal Block 2.5mm2 Cage;DIN terminal block, 2.5 mm2, cage clamp.;Cage-clamp DIN-rail terminal block, 2.5 mm2, 24 A, vibration resistant. For rolling stock and machinery.;7;Connectors & Terminals;82;Terminal blocks;terminal,DIN,cage-clamp,2.5mm2;Wago;Wago GmbH;DE;0.86;1.03;20;GBP;;24;;IP20;DIN rail;;grey;polyamide;-60;105;CE,UKCA,RoHS
EM-082-16454;ABB M4/6 AB-54 DIN Terminal Block 6mm2;DIN terminal block, 6 mm2, screw.;Screw-clamp DIN-rail terminal block, 6 mm2, 41 A. Grey feed-through for power distribution in panels.;7;Connectors & Terminals;82;Terminal blocks;terminal,DIN,6mm2,screw;ABB;ABB Ltd;CH;0.94;1.13;20;GBP;;41;;IP20;DIN rail;;grey;polyamide;-50;110;CE,UKCA,RoHS
EM-083-16560;Legrand Nylbloc LG-60 Screw Terminal Block 10-way;Screw terminal block, 10-way, 4 mm2.;Polyamide screw terminal strip, 10-way, 4 mm2, 32 A. For junction boxes and fixed wiring.;7;Connectors & Terminals;83;Screw terminals;terminal,screw,10-way,4mm2;Legrand;Legrand SA;FR;2.10;2.52;20;GBP;;32;;IP20;surface;;white;polyamide;-25;100;CE,UKCA,RoHS
EM-083-16578;Hager KWA HG-78 Screw Terminal Block 12-way 6mm2;Screw terminal block, 12-way, 6 mm2.;Screw terminal strip, 12-way, 6 mm2, 41 A. Panel and enclosure use.;7;Connectors & Terminals;83;Screw terminals;terminal,screw,12-way,6mm2;Hager;Hager Group;DE;2.85;3.42;20;GBP;;41;;IP20;surface;;grey;polyamide;-25;100;CE,UKCA,RoHS
EM-083-16586;Wago 862 WG-86 Screw Terminal Block Feed-through;Screw terminal block, 4-way, 10 mm2.;Screw feed-through terminal block, 4-way, 10 mm2, 57 A. For heavier power connections in enclosures.;7;Connectors & Terminals;83;Screw terminals;terminal,screw,4-way,10mm2;Wago;Wago GmbH;DE;3.40;4.08;20;GBP;;57;;IP20;surface;;grey;polyamide;-25;100;CE,UKCA,RoHS
EM-084-16660;BG Electrical CS-60 Connector Strip 5A 12-way;Connector strip, 5 A, 12-way, brown.;Moulded connector strip (chocolate block), 5 A, 12-way. For low-current lighting connections.;7;Connectors & Terminals;84;Connector strips;connector strip,choc block,5A;BG Electrical;British General;GB;0.85;1.02;20;GBP;;5;;IP20;in-line;;brown;polyethylene;-15;85;CE,UKCA,RoHS
EM-084-16678;Knightsbridge KB-78 Connector Strip 15A 12-way;Connector strip, 15 A, 12-way, white.;Moulded connector strip, 15 A, 12-way, white. General-purpose terminations for socket and lighting circuits.;7;Connectors & Terminals;84;Connector strips;connector strip,choc block,15A;Knightsbridge;Knightsbridge Global;GB;1.10;1.32;20;GBP;;15;;IP20;in-line;;white;polyethylene;-15;85;CE,UKCA,RoHS
EM-084-16686;ESP ES-86 Connector Strip 30A 12-way;Connector strip, 30 A, 12-way, white.;Heavy-duty moulded connector strip, 30 A, 12-way. For cooker and shower circuit terminations.;7;Connectors & Terminals;84;Connector strips;connector strip,choc block,30A;ESP;Elite Security Products;GB;1.65;1.98;20;GBP;;30;;IP20;in-line;;white;polyethylene;-15;100;CE,UKCA,RoHS
EM-091-18908;DeWalt DWE46 DW-08 Wall Chaser 1500W 150mm;Wall chaser, 1500 W, 150 mm, dust extraction.;Corded wall chaser, 1500 W, 150 mm twin discs with adjustable width and dust extraction port. For deep cable channels.;8;Power Tools;91;Wall chasers;wall chaser,chase,1500W,dust;DeWalt;Stanley Black & Decker;US;358.00;429.60;20;GBP;230;;1500;;handheld;;yellow;composite;;;CE,UKCA
EM-091-18916;Makita SG150 MK-16 Wall Chaser 1800W 150mm;Wall chaser, 1800 W, 150 mm.;Corded wall chaser, 1800 W, 150 mm discs, soft-start and constant speed under load. Depth to 45 mm.;8;Power Tools;91;Wall chasers;wall chaser,chase,1800W;Makita;Makita Corporation;JP;412.00;494.40;20;GBP;230;;1800;;handheld;;teal;composite;;;CE,UKCA
EM-091-18924;Bosch GNF BO-24 Wall Chaser 900W 115mm;Wall chaser, 900 W, 115 mm.;Compact corded wall chaser, 900 W, 115 mm discs. Depth to 30 mm. For lighter first-fix chasing.;8;Power Tools;91;Wall chasers;wall chaser,chase,900W;Bosch;Robert Bosch Ltd;DE;218.00;261.60;20;GBP;230;;900;;handheld;;blue;composite;;;CE,UKCA
EM-092-19244;DeWalt DCD709 DW-44 Cordless Combi Drill 18V;Cordless combi drill, 18 V, 65 Nm.;Brushless 18 V cordless combi drill, 65 Nm, 13 mm chuck, two batteries and charger. For general electrical work.;8;Power Tools;92;Drills/drivers;drill,cordless,combi,18V;DeWalt;Stanley Black & Decker;US;129.00;154.80;20;GBP;18;;;;handheld;;yellow;composite;;;CE,UKCA,RoHS
EM-092-19252;Makita DHP484 MK-52 Cordless Combi Drill 18V 54Nm;Cordless combi drill, 18 V, 54 Nm.;Brushless 18 V cordless combi drill, 54 Nm, 13 mm keyless chuck. Body only. For installers and second fix.;8;Power Tools;92;Drills/drivers;drill,cordless,combi,18V,brushless;Makita;Makita Corporation;JP;98.00;117.60;20;GBP;18;;;;handheld;;teal;composite;;;CE,UKCA,RoHS
EM-093-19310;Fluke 117 FL-10 Digital Multimeter TRMS;TRMS digital multimeter, non-contact voltage.;True-RMS digital multimeter for electricians with non-contact voltage detection and low-input-impedance mode. CAT III 600 V.;8;Power Tools;93;Meters;meter,multimeter,TRMS,Fluke;Fluke;Fluke Corporation;US;218.00;261.60;20;GBP;;;;;handheld;;yellow;composite;-10;50;CE,UKCA,RoHS
EM-093-19328;Megger MFT1741 MG-28 Multifunction Tester;17th/18th edition multifunction installation tester.;Multifunction installation tester for loop, RCD, insulation and continuity testing to BS 7671. Backlit display and memory.;8;Power Tools;93;Meters;meter,MFT,installation tester,Megger;Megger;Megger Group;GB;642.00;770.40;20;GBP;;;;;handheld;;yellow;composite;-10;50;CE,UKCA,RoHS
EM-093-19336;Klein Tools CL800 KL-36 Clamp Meter TRMS;TRMS clamp meter, 600 A AC/DC.;True-RMS clamp meter measuring up to 600 A AC/DC with temperature and capacitance ranges. Auto-ranging. CAT IV 600 V.;8;Power Tools;93;Meters;meter,clamp,TRMS,Klein;Klein Tools;Klein Tools Inc;US;148.00;177.60;20;GBP;;;;;handheld;;black;composite;-10;50;CE,UKCA,RoHS
EM-093-19344;Fluke T6-1000 FL-44 Electrical Tester FieldSense;Electrical tester, FieldSense non-contact measurement.;Electrical tester measuring voltage and current without test-lead contact using FieldSense technology. CAT III 1000 V.;8;Power Tools;93;Meters;meter,tester,FieldSense,Fluke;Fluke;Fluke Corporation;US;268.00;321.60;20;GBP;;;;;handheld;;grey;composite;-10;50;CE,UKCA,RoHS
EM-094-19410;Milwaukee ML-10 Diamond Chasing Disc 125mm Pair;Diamond chasing discs, 125 mm, pair.;Pair of segmented diamond discs for wall chasers, 125 mm bore 22.23 mm. For brick, block and concrete channels.;8;Power Tools;94;Cutting accessories;disc,diamond,chasing,125mm;Milwaukee;Techtronic Industries;US;32.00;38.40;20;GBP;;;;;accessory;;silver;steel;;;CE,UKCA
EM-094-19428;Bosch BO-28 Hole Saw Set 9-piece Bi-metal;Bi-metal hole saw set, 9-piece, 19-64 mm.;Nine-piece bi-metal hole saw set, 19-64 mm, with arbors, for downlights and back-box cut-outs in wood and plasterboard.;8;Power Tools;94;Cutting accessories;hole saw,bi-metal,set,downlight;Bosch;Robert Bosch Ltd;DE;38.50;46.20;20;GBP;;;;;accessory;;blue;steel;;;CE,UKCA
EM-094-19436;DeWalt DW-36 Cutting Disc 115mm 10-pack Metal;Metal cutting discs, 115 mm, 10-pack.;Ten-pack of 115 mm thin metal cutting discs, 1 mm, 22.23 mm bore, for angle grinders. For conduit and trunking.;8;Power Tools;94;Cutting accessories;disc,cutting,metal,115mm;DeWalt;Stanley Black & Decker;US;14.20;17.04;20;GBP;;;;;accessory;;grey;composite;;;CE,UKCA
